Rank,Title,Budget,Lifetime Gross,Year
1,Avatar,"$237,000,000","$2,923,706,026",2009
2,Avengers: Endgame,"$356,000,000","$2,799,439,100",2019
3,Avatar: The Way of Water,,"$2,319,761,409",2022
4,Titanic,"$200,000,000","$2,264,743,257",1997
5,Star Wars: Episode VII - The Force Awakens,"$245,000,000","$2,071,310,218",2015
6,Avengers: Infinity War,,"$2,052,415,039",2018
7,Spider-Man: No Way Home,,"$1,921,847,111",2021
8,Jurassic World,"$150,000,000","$1,671,537,444",2015
9,The Lion King,"$260,000,000","$1,663,075,401",2019
10,The Avengers,"$220,000,000","$1,520,538,536",2012
11,Furious 7,"$190,000,000","$1,515,341,399",2015
12,Top Gun: Maverick,,"$1,493,491,858",2022
13,Frozen II,"$150,000,000","$1,453,683,476",2019
14,Avengers: Age of Ultron,"$250,000,000","$1,405,018,048",2015
15,Black Panther,,"$1,349,926,083",2018
16,Harry Potter and the Deathly Hallows: Part 2,,"$1,342,359,942",2011
17,Star Wars: Episode VIII - The Last Jedi,"$317,000,000","$1,334,407,706",2017
18,Jurassic World: Fallen Kingdom,"$170,000,000","$1,310,466,296",2018
19,Frozen,"$150,000,000","$1,284,540,518",2013
20,Beauty and the Beast,"$160,000,000","$1,266,115,964",2017
21,Incredibles 2,,"$1,243,225,667",2018
22,The Fate of the Furious,"$250,000,000","$1,236,005,118",2017
23,Iron Man 3,"$200,000,000","$1,215,577,205",2013
24,Minions,"$74,000,000","$1,159,444,662",2015
25,The Super Mario Bros. Movie,,"$1,155,564,325",2023
26,Captain America: Civil War,"$250,000,000","$1,155,046,416",2016
27,Aquaman,,"$1,148,528,393",2018
28,The Lord of the Rings: The Return of the King,"$94,000,000","$1,147,633,833",2003
29,Skyfall,"$200,000,000","$1,142,471,295",2012
30,Spider-Man: Far from Home,"$160,000,000","$1,131,927,996",2019
31,Captain Marvel,"$160,000,000","$1,131,416,446",2019
32,Transformers: Dark of the Moon,"$195,000,000","$1,123,794,079",2011
33,Jurassic Park,"$63,000,000","$1,109,802,321",1993
34,Transformers: Age of Extinction,"$210,000,000","$1,104,054,072",2014
35,The Dark Knight Rises,"$250,000,000","$1,081,169,825",2012
36,Star Wars: Episode IX - The Rise of Skywalker,"$275,000,000","$1,077,022,372",2019
37,Joker,"$55,000,000","$1,074,458,282",2019
38,Toy Story 4,"$200,000,000","$1,073,841,394",2019
39,Toy Story 3,"$200,000,000","$1,067,316,101",2010
40,Pirates of the Caribbean: Dead Man's Chest,"$225,000,000","$1,066,179,747",2006
41,Rogue One: A Star Wars Story,"$200,000,000","$1,058,682,142",2016
42,Aladdin,"$183,000,000","$1,054,304,000",2019
43,Pirates of the Caribbean: On Stranger Tides,"$250,000,000","$1,046,721,266",2011
44,Despicable Me 3,"$80,000,000","$1,034,800,131",2017
45,Finding Dory,,"$1,029,266,989",2016
46,Star Wars: Episode I - The Phantom Menace,"$115,000,000","$1,027,082,707",1999
47,Zootopia,,"$1,025,521,689",2016
48,Alice in Wonderland,"$200,000,000","$1,025,468,216",2010
49,Harry Potter and the Sorcerer's Stone,"$125,000,000","$1,023,842,938",2001
50,The Hobbit: An Unexpected Journey,,"$1,017,030,651",2012
51,The Dark Knight,"$185,000,000","$1,006,234,167",2008
52,Jurassic World: Dominion,,"$1,001,978,080",2022
53,Jumanji: Welcome to the Jungle,"$90,000,000","$995,339,117",2017
54,Harry Potter and the Deathly Hallows: Part 1,,"$977,070,383",2010
55,Despicable Me 2,"$76,000,000","$970,766,005",2013
56,The Lion King,"$45,000,000","$968,511,805",1994
57,The Jungle Book,"$175,000,000","$967,724,775",2016
58,The Hobbit: The Battle of the Five Armies,,"$962,201,338",2014
59,Pirates of the Caribbean: At World's End,"$300,000,000","$961,691,209",2007
60,The Hobbit: The Desolation of Smaug,,"$959,027,992",2013
61,Doctor Strange in the Multiverse of Madness,,"$955,775,804",2022
62,The Lord of the Rings: The Two Towers,"$94,000,000","$947,944,270",2002
63,Harry Potter and the Order of the Phoenix,"$150,000,000","$942,278,045",2007
64,Finding Nemo,"$94,000,000","$941,637,960",2003
65,Minions: The Rise of Gru,,"$939,628,210",2022
66,Harry Potter and the Half-Blood Prince,"$250,000,000","$934,519,387",2009
67,Shrek 2,"$150,000,000","$928,760,770",2004
68,Harry Potter and the Chamber of Secrets,"$100,000,000","$925,668,380",2002
69,Bohemian Rhapsody,"$52,000,000","$910,809,311",2018
70,The Battle at Lake Changjin,,"$902,548,476",2021
71,The Lord of the Rings: The Fellowship of the Ring,"$93,000,000","$898,204,420",2001
72,Harry Potter and the Goblet of Fire,"$150,000,000","$896,815,106",2005
73,Spider-Man 3,"$258,000,000","$894,983,373",2007
74,The Secret Life of Pets,"$75,000,000","$894,328,469",2016
75,Ice Age: Dawn of the Dinosaurs,"$90,000,000","$886,686,817",2009
76,Spectre,"$245,000,000","$880,705,312",2015
77,Spider-Man: Homecoming,"$175,000,000","$880,166,924",2017
78,Ice Age: Continental Drift,"$95,000,000","$877,244,782",2012
79,Batman v Superman: Dawn of Justice,"$250,000,000","$873,637,528",2016
80,Wolf Warrior 2,"$30,100,000","$870,325,439",2017
81,Inception,"$160,000,000","$870,110,523",2010
82,Star Wars: Episode III - Revenge of the Sith,"$113,000,000","$868,390,560",2005
83,The Hunger Games: Catching Fire,"$130,000,000","$865,011,746",2013
84,Guardians of the Galaxy Vol. 2,"$200,000,000","$863,756,051",2017
85,Black Panther: Wakanda Forever,,"$859,208,836",2022
86,Inside Out,"$175,000,000","$858,848,019",2015
87,Venom,"$100,000,000","$856,085,151",2018
88,Thor: Ragnarok,"$180,000,000","$855,301,806",2017
89,The Twilight Saga: Breaking Dawn - Part 2,"$120,000,000","$848,593,948",2012
90,Transformers: Revenge of the Fallen,"$200,000,000","$836,303,693",2009
91,Spider-Man,"$139,000,000","$825,025,036",2002
92,Wonder Woman,"$149,000,000","$822,854,286",2017
93,"Hi, Mom",,"$822,009,764",2021
94,Independence Day,"$75,000,000","$817,400,891",1996
95,Coco,,"$814,337,054",2017
96,Fantastic Beasts and Where to Find Them,"$180,000,000","$814,044,001",2016
97,Shrek the Third,"$160,000,000","$813,367,380",2007
98,Jumanji: The Next Level,"$125,000,000","$801,693,929",2019
99,Harry Potter and the Prisoner of Azkaban,"$130,000,000","$797,660,766",2004
100,Pirates of the Caribbean: Dead Men Tell No Tales,"$230,000,000","$795,922,298",2017
101,E.T. the Extra-Terrestrial,"$10,500,000","$792,910,554",1982
102,Mission: Impossible - Fallout,"$178,000,000","$791,657,398",2018
103,2012,"$200,000,000","$791,217,826",2009
104,Indiana Jones and the Kingdom of the Crystal Skull,"$185,000,000","$790,653,942",2008
105,Spider-Man 2,"$200,000,000","$788,976,453",2004
106,Fast & Furious 6,"$160,000,000","$788,680,968",2013
107,Deadpool 2,"$110,000,000","$785,896,609",2018
108,Deadpool,"$58,000,000","$782,836,791",2016
109,Star Wars: Episode IV - A New Hope,"$11,000,000","$775,398,007",1977
110,No Time to Die,,"$774,153,007",2021
111,Interstellar,"$165,000,000","$773,430,538",2014
112,Guardians of the Galaxy,"$170,000,000","$773,350,147",2014
113,The Batman,,"$770,962,583",2022
114,Thor: Love and Thunder,,"$760,928,081",2022
115,Fast & Furious Presents: Hobbs & Shaw,"$200,000,000","$760,732,926",2019
116,The Da Vinci Code,"$125,000,000","$760,006,945",2006
117,Maleficent,"$180,000,000","$759,853,685",2014
118,The Amazing Spider-Man,"$230,000,000","$757,930,663",2012
119,The Hunger Games: Mockingjay - Part 1,"$125,000,000","$755,356,711",2014
120,Shrek Forever After,"$165,000,000","$752,600,867",2010
121,Gravity,"$100,000,000","$748,049,949",2013
122,Madagascar 3: Europe's Most Wanted,"$145,000,000","$746,921,274",2012
123,Suicide Squad,"$175,000,000","$746,846,894",2016
124,X-Men: Days of Future Past,"$200,000,000","$746,045,700",2014
125,"The Chronicles of Narnia: The Lion, the Witch and the Wardrobe","$180,000,000","$745,013,115",2005
126,Monsters University,,"$743,559,645",2013
127,The Matrix Reloaded,"$150,000,000","$741,847,937",2003
128,Up,"$175,000,000","$735,099,102",2009
129,Ne Zha,,"$726,264,074",2019
130,F9: The Fast Saga,,"$726,229,501",2021
131,Captain America: The Winter Soldier,"$170,000,000","$714,421,503",2014
132,The Twilight Saga: Breaking Dawn - Part 1,"$110,000,000","$712,205,856",2011
133,The Twilight Saga: New Moon,"$50,000,000","$711,025,481",2009
134,Dawn of the Planet of the Apes,"$170,000,000","$710,644,566",2014
135,Transformers,"$150,000,000","$709,709,780",2007
136,The Amazing Spider-Man 2,,"$708,982,323",2014
137,It,"$35,000,000","$701,842,551",2017
138,The Wandering Earth,,"$699,992,512",2019
139,The Twilight Saga: Eclipse,"$68,000,000","$698,509,825",2010
140,Mission: Impossible - Ghost Protocol,"$145,000,000","$694,713,380",2011
141,Mamma Mia!,"$52,000,000","$694,476,782",2008
142,The Hunger Games,"$78,000,000","$694,394,724",2012
143,Detective Chinatown 3,,"$686,257,563",2021
144,Mission: Impossible - Rogue Nation,"$150,000,000","$682,716,636",2015
145,Moana,,"$682,685,900",2016
146,Forrest Gump,"$55,000,000","$678,226,465",1994
147,Doctor Strange,"$165,000,000","$677,796,076",2016
148,The Sixth Sense,"$40,000,000","$672,806,432",1999
149,Man of Steel,"$225,000,000","$668,045,518",2013
150,Ice Age: The Meltdown,"$80,000,000","$667,094,506",2006
151,Kung Fu Panda 2,"$150,000,000","$665,692,281",2011
152,Justice League,,"$657,926,987",2017
153,Big Hero 6,"$165,000,000","$657,869,686",2014
154,Fantastic Beasts: The Crimes of Grindelwald,"$200,000,000","$654,855,901",2018
155,Pirates of the Caribbean: The Curse of the Black Pearl,"$140,000,000","$654,264,015",2003
156,Men in Black 3,"$225,000,000","$654,213,485",2012
157,Star Wars: Episode II - Attack of the Clones,"$115,000,000","$653,779,970",2002
158,The Hunger Games: Mockingjay - Part 2,"$160,000,000","$653,428,261",2015
159,Thor: The Dark World,"$170,000,000","$644,783,140",2013
160,Sing,"$75,000,000","$634,338,384",2016
161,Kung Fu Panda,"$130,000,000","$632,083,197",2008
162,The Incredibles,"$92,000,000","$631,607,053",2004
163,The Martian,"$108,000,000","$630,620,818",2015
164,Hancock,"$150,000,000","$629,443,428",2008
165,Water Gate Bridge,,"$626,571,697",2022
166,Fast Five,"$125,000,000","$626,137,675",2011
167,Iron Man 2,"$200,000,000","$623,933,331",2010
168,Ratatouille,"$150,000,000","$623,726,085",2007
169,Ant-Man and the Wasp,,"$622,674,139",2018
170,How to Train Your Dragon 2,"$145,000,000","$621,537,519",2014
171,Logan,"$97,000,000","$619,179,950",2017
172,The Lost World: Jurassic Park,"$73,000,000","$618,638,999",1997
173,Casino Royale,"$150,000,000","$616,505,162",2006
174,The Passion of the Christ,"$30,000,000","$612,054,506",2004
175,Life of Pi,"$120,000,000","$609,016,565",2012
176,Ready Player One,"$175,000,000","$607,274,134",2018
177,Transformers: The Last Knight,"$217,000,000","$605,425,157",2017
178,Madagascar: Escape 2 Africa,"$150,000,000","$603,900,354",2008
179,War of the Worlds,"$132,000,000","$603,873,119",2005
180,Tangled,"$260,000,000","$592,462,816",2010
181,Quantum of Solace,"$200,000,000","$589,580,482",2008
182,Men in Black,"$90,000,000","$589,390,539",1997
183,The Croods,"$135,000,000","$587,235,983",2013
184,The Hangover Part II,"$80,000,000","$586,764,305",2011
185,Iron Man,"$140,000,000","$585,796,247",2008
186,I Am Legend,"$150,000,000","$585,410,052",2007
187,"Monsters, Inc.","$115,000,000","$579,707,738",2001
188,Operation Red Sea,,"$579,330,426",2018
189,Night at the Museum,,"$574,481,229",2006
190,Fifty Shades of Grey,"$40,000,000","$569,651,467",2015
191,Kong: Skull Island,"$185,000,000","$566,652,812",2017
192,The Smurfs,"$110,000,000","$563,749,323",2011
193,Cars 2,"$200,000,000","$559,852,396",2011
194,King Kong,"$207,000,000","$556,906,378",2005
195,Puss in Boots,"$130,000,000","$554,987,477",2011
196,The Mermaid,,"$553,810,228",2016
197,Armageddon,"$140,000,000","$553,709,788",1998
198,The Day After Tomorrow,"$125,000,000","$552,639,571",2004
199,Ted,"$50,000,000","$549,368,315",2012
200,American Sniper,"$58,800,000","$547,459,020",2014
201,Mission: Impossible II,"$125,000,000","$546,388,108",2000
202,Detective Chinatown 2,,"$544,185,156",2018
203,X-Men: Apocalypse,"$178,000,000","$543,934,105",2016
204,Sherlock Holmes: A Game of Shadows,,"$543,848,418",2011
205,Despicable Me,"$69,000,000","$543,157,985",2010
206,Cinderella,"$95,000,000","$542,358,331",2015
207,Madagascar,,"$542,063,846",2005
208,World War Z,"$190,000,000","$540,455,876",2013
209,Brave,"$185,000,000","$538,983,207",2012
210,Star Wars: Episode V - The Empire Strikes Back,"$18,000,000","$538,375,067",1980
211,The Simpsons Movie,"$75,000,000","$536,414,293",2007
212,The Revenant,"$135,000,000","$532,950,503",2015
213,The Meg,"$130,000,000","$530,517,320",2018
214,Ralph Breaks the Internet,"$175,000,000","$529,323,962",2018
215,Hotel Transylvania 3: Summer Vacation,"$80,000,000","$528,583,774",2018
216,The Boss Baby,,"$527,965,936",2017
217,Dunkirk,"$100,000,000","$527,016,307",2017
218,The Grinch,"$75,000,000","$526,760,632",2018
219,Godzilla,"$160,000,000","$524,976,069",2014
220,How to Train Your Dragon: The Hidden World,"$129,000,000","$524,580,592",2019
221,Sherlock Holmes,"$90,000,000","$524,028,679",2009
222,Meet the Fockers,"$80,000,000","$522,657,936",2004
223,WALL·E,"$180,000,000","$521,311,890",2008
224,Kung Fu Panda 3,"$145,000,000","$521,170,825",2016
225,Terminator 2: Judgment Day,"$102,000,000","$520,881,154",1991
226,Ant-Man,"$130,000,000","$519,311,965",2015
227,Venom: Let There Be Carnage,,"$506,863,592",2021
228,Ghost,"$22,000,000","$505,703,557",1990
229,Aladdin,"$28,000,000","$504,050,219",1992
230,Gladiator,"$103,000,000","$503,162,313",2000
231,Rio 2,"$103,000,000","$498,781,117",2014
232,Troy,"$175,000,000","$497,409,852",2004
233,Toy Story 2,"$90,000,000","$497,375,381",1999
234,How to Train Your Dragon,"$165,000,000","$494,879,471",2010
235,Twister,"$92,000,000","$494,580,615",1996
236,Oz the Great and Powerful,"$215,000,000","$493,311,825",2013
237,Clash of the Titans,"$125,000,000","$493,214,993",2010
238,Maleficent: Mistress of Evil,"$185,000,000","$491,730,089",2019
239,War for the Planet of the Apes,"$150,000,000","$490,719,763",2017
240,Shrek,"$60,000,000","$488,441,368",2001
241,Mr. & Mrs. Smith,"$110,000,000","$487,287,646",2005
242,Angels & Demons,"$150,000,000","$485,930,816",2009
243,Teenage Mutant Ninja Turtles,"$125,000,000","$485,004,754",2014
244,Bruce Almighty,"$81,000,000","$484,592,874",2003
245,The King's Speech,"$15,000,000","$484,068,861",2010
246,Rio,"$90,000,000","$483,866,772",2011
247,Saving Private Ryan,"$70,000,000","$482,349,603",1998
248,Rise of the Planet of the Apes,"$93,000,000","$481,800,873",2011
249,Puss in Boots: The Last Wish,,"$480,481,773",2022
250,Home Alone,"$18,000,000","$476,684,675",1990
251,Jaws,"$7,000,000","$476,512,065",1975
252,Ant-Man and the Wasp: Quantumania,,"$475,354,454",2023
253,Hotel Transylvania 2,"$80,000,000","$475,186,706",2015
254,Star Wars: Episode VI - Return of the Jedi,"$32,500,000","$475,106,177",1983
255,Charlie and the Chocolate Factory,"$150,000,000","$474,968,763",2005
256,Indiana Jones and the Last Crusade,"$48,000,000","$474,171,806",1989
257,San Andreas,"$110,000,000","$474,009,154",2015
258,It Chapter Two,"$79,000,000","$473,122,525",2019
259,La La Land,"$30,000,000","$471,983,281",2016
260,Wreck-It Ralph,"$165,000,000","$471,222,889",2012
261,Godzilla vs. Kong,,"$470,116,094",2021
262,The Hangover,"$35,000,000","$469,328,079",2009
263,Lucy,"$40,000,000","$469,058,574",2014
264,The Lego Movie,"$60,000,000","$468,266,122",2014
265,Bumblebee,"$135,000,000","$467,989,645",2018
266,Star Trek Into Darkness,"$190,000,000","$467,365,246",2013
267,The Matrix,"$63,000,000","$467,222,728",1999
268,Pretty Woman,"$14,000,000","$463,406,268",1990
269,Cars,"$120,000,000","$461,991,867",2006
270,The Eight Hundred,,"$461,421,559",2020
271,X-Men: The Last Stand,"$210,000,000","$460,435,291",2006
272,Moon Man,,"$460,237,662",2022
273,National Treasure: Book of Secrets,,"$459,242,249",2007
274,Mission: Impossible,"$80,000,000","$457,696,391",1996
275,300,"$65,000,000","$456,082,343",2007
276,The Last Samurai,"$140,000,000","$454,627,263",2003
277,Demon Slayer the Movie: Mugen Train,,"$453,210,959",2020
278,Dying to Survive,,"$451,183,391",2018
279,Ocean's Eleven,"$85,000,000","$450,717,150",2001
280,"My People, My Country",,"$450,064,993",2019
281,Pokémon: Detective Pikachu,"$150,000,000","$449,762,638",2019
282,Thor,"$150,000,000","$449,326,618",2011
283,Pearl Harbor,"$140,000,000","$449,220,945",2001
284,Tarzan,"$130,000,000","$448,191,819",1999
285,Men in Black II,"$140,000,000","$445,135,288",2002
286,The Bourne Ultimatum,"$110,000,000","$444,100,035",2007
287,The Mummy Returns,"$98,000,000","$443,280,904",2001
288,Alvin and the Chipmunks: The Squeakquel,"$75,000,000","$443,140,005",2009
289,Les Misérables,"$61,000,000","$442,299,309",2012
290,The Exorcist,,"$441,306,145",1973
291,Mrs. Doubtfire,"$25,000,000","$441,286,195",1993
292,Terminator Genisys,"$155,000,000","$440,603,537",2015
293,Warcraft,"$160,000,000","$439,048,914",2016
294,A Star Is Born,"$36,000,000","$436,233,122",2018
295,The Greatest Showman,"$84,000,000","$435,732,529",2017
296,Terminator 3: Rise of the Machines,"$200,000,000","$433,371,112",2003
297,Shang-Chi and the Legend of the Ten Rings,,"$432,243,292",2021
298,Die Another Day,"$142,000,000","$431,971,116",2002
299,The Secret Life of Pets 2,"$80,000,000","$431,058,542",2019
300,Cast Away,"$90,000,000","$429,632,142",2000
301,Rampage,"$120,000,000","$428,028,233",2018
302,The Matrix Revolutions,"$150,000,000","$427,344,325",2003
303,The Intouchables,,"$426,588,510",2011
304,Bad Boys for Life,"$90,000,000","$426,505,244",2020
305,Django Unchained,"$100,000,000","$426,074,373",2012
306,Beauty and the Beast,"$25,000,000","$424,967,620",1991
307,Dances with Wolves,"$22,000,000","$424,208,848",1990
308,"My People, My Homeland",,"$422,390,820",2020
309,The Chronicles of Narnia: Prince Caspian,"$225,000,000","$419,665,568",2008
310,Sex and the City,"$65,000,000","$418,765,519",2008
311,The Captain,,"$417,282,021",2019
312,The Mummy,"$80,000,000","$415,933,406",1999
313,The Chronicles of Narnia: The Voyage of the Dawn Treader,"$155,000,000","$415,686,217",2010
314,Jason Bourne,"$120,000,000","$415,484,914",2016
315,Mad Max: Fury Road,"$150,000,000","$415,261,382",2015
316,The Wolverine,"$120,000,000","$414,828,246",2013
317,Kingsman: The Secret Service,"$81,000,000","$414,351,546",2015
318,Night at the Museum: Battle of the Smithsonian,"$150,000,000","$413,106,170",2009
319,Batman,"$35,000,000","$411,569,241",1989
320,The Bodyguard,,"$411,046,449",1992
321,Pacific Rim,"$190,000,000","$411,002,906",2013
322,Kingsman: The Golden Circle,"$104,000,000","$410,902,662",2017
323,The Mummy,"$125,000,000","$409,231,607",2017
324,Ice Age: Collision Course,"$105,000,000","$408,754,975",2016
325,Twilight,"$37,000,000","$408,430,415",2008
326,Sing 2,,"$408,396,446",2021
327,Signs,"$72,000,000","$408,247,917",2002
328,X2: X-Men United,"$110,000,000","$407,711,549",2003
329,Fantastic Beasts: The Secrets of Dumbledore,,"$407,150,844",2022
330,The Wolf of Wall Street,"$100,000,000","$406,878,233",2013
331,John Wick: Chapter 4,,"$406,045,876",2023
332,Sonic the Hedgehog 2,,"$405,421,518",2022
333,Alita: Battle Angel,"$170,000,000","$404,980,543",2019
334,The Mummy: Tomb of the Dragon Emperor,"$145,000,000","$403,449,830",2008
335,Prometheus,"$130,000,000","$403,354,469",2012
336,Gone with the Wind,,"$402,382,193",1939
337,Mamma Mia! Here We Go Again,"$75,000,000","$402,264,843",2018
338,Eternals,,"$402,064,899",2021
339,Dune,,"$402,027,830",2021
340,Uncharted,,"$401,748,820",2022
341,TRON: Legacy,"$170,000,000","$400,063,852",2010
342,Mission: Impossible III,"$150,000,000","$398,479,497",2006
343,Snow White and the Huntsman,"$170,000,000","$396,592,829",2012
344,Grease,"$6,000,000","$396,271,103",1978
345,Toy Story,,"$394,436,586",1995
346,Black Adam,,"$393,252,111",2022
347,Solo: A Star Wars Story,"$275,000,000","$392,924,807",2018
348,Superman Returns,"$270,000,000","$391,081,192",2006
349,Robin Hood: Prince of Thieves,"$48,000,000","$390,493,908",1991
350,Raiders of the Lost Ark,"$18,000,000","$389,925,971",1981
351,Independence Day: Resurgence,"$165,000,000","$389,681,935",2016
352,Live Free or Die Hard,"$110,000,000","$388,156,011",2007
353,Monster Hunt,,"$387,053,506",2015
354,Godzilla: King of the Monsters,"$170,000,000","$386,600,138",2019
355,Home,"$135,000,000","$386,041,607",2015
356,Star Trek,"$150,000,000","$385,680,446",2009
357,1917,"$95,000,000","$384,577,421",2019
358,Happy Feet,"$100,000,000","$384,336,108",2006
359,Spider-Man: Into the Spider-Verse,"$90,000,000","$384,256,930",2018
360,Cars 3,,"$383,930,656",2017
361,Back to the Future,"$19,000,000","$383,336,762",1985
362,Ice Age,"$59,000,000","$383,257,136",2002
363,Your Name.,,"$382,238,181",2016
364,Fifty Shades Darker,"$55,000,000","$381,545,846",2017
365,Monsters vs. Aliens,"$175,000,000","$381,509,870",2009
366,Black Widow,,"$379,751,655",2021
367,Godzilla,"$130,000,000","$379,014,294",1998
368,True Lies,"$115,000,000","$378,882,411",1994
369,Slumdog Millionaire,"$15,000,000","$378,410,542",2008
370,Once Upon a Time in Hollywood,"$90,000,000","$377,617,598",2019
371,Taken 2,"$45,000,000","$376,152,455",2012
372,G.I. Joe: Retaliation,"$130,000,000","$375,740,705",2013
373,Shark Tale,"$75,000,000","$374,583,879",2004
374,What Women Want,"$70,000,000","$374,111,707",2000
375,The Adventures of Tintin,,"$373,993,951",2011
376,Batman Begins,"$150,000,000","$373,672,993",2005
377,Penguins of Madagascar,"$132,000,000","$373,515,621",2014
378,X-Men Origins: Wolverine,"$150,000,000","$373,062,864",2009
379,The Golden Compass,"$180,000,000","$372,234,864",2007
380,Fifty Shades Freed,"$55,000,000","$371,985,018",2018
381,Hitch,"$70,000,000","$371,594,210",2005
382,Terminator Salvation,"$200,000,000","$371,353,001",2009
383,Captain America: The First Avenger,"$140,000,000","$370,569,774",2011
384,Edge of Tomorrow,"$178,000,000","$370,541,256",2014
385,There's Something About Mary,"$23,000,000","$369,884,651",1998
386,Gone Girl,"$61,000,000","$369,330,363",2014
387,The Fugitive,,"$368,875,760",1993
388,Jurassic Park III,"$93,000,000","$368,780,809",2001
389,My Big Fat Greek Wedding,"$5,000,000","$368,744,044",2002
390,Shazam!,"$100,000,000","$367,799,011",2019
391,Hello Mr. Billionaire,,"$366,961,907",2018
392,Die Hard with a Vengeance,"$90,000,000","$366,101,666",1995
393,The Nun,"$22,000,000","$365,582,797",2018
394,Alvin and the Chipmunks,"$60,000,000","$365,352,546",2007
395,Tenet,,"$365,304,105",2020
396,Notting Hill,"$42,000,000","$363,889,678",1999
397,A Bug's Life,"$120,000,000","$363,258,859",1998
398,Night at the Museum: Secret of the Tomb,"$127,000,000","$363,204,635",2014
399,Ocean's Twelve,"$110,000,000","$362,744,280",2004
400,Planet of the Apes,"$100,000,000","$362,211,740",2001
401,The Hangover Part III,"$103,000,000","$362,000,072",2013
402,The World Is Not Enough,"$135,000,000","$361,832,400",1999
403,Monster Hunt 2,,"$361,682,618",2018
404,Fast & Furious,"$85,000,000","$360,366,870",2009
405,Noah,"$125,000,000","$359,200,044",2014
406,The Karate Kid,"$40,000,000","$359,126,022",2010
407,Home Alone 2: Lost in New York,,"$358,994,850",1992
408,Hotel Transylvania,"$85,000,000","$358,375,603",2012
409,Minority Report,"$102,000,000","$358,372,926",2002
410,Top Gun,,"$357,288,178",1986
411,Spirited Away,,"$357,277,400",2001
412,The Legend of Tarzan,"$180,000,000","$356,700,357",2016
413,American Beauty,"$15,000,000","$356,296,601",1999
414,Apollo 13,,"$355,237,933",1995
415,Rain Man,"$25,000,000","$354,825,435",1988
416,The Great Gatsby,"$105,000,000","$353,659,851",2013
417,Dumbo,"$170,000,000","$353,284,621",2019
418,"I, Robot","$120,000,000","$353,133,898",2004
419,Basic Instinct,"$49,000,000","$352,927,224",1992
420,Murder on the Orient Express,"$55,000,000","$352,794,081",2017
421,X-Men: First Class,"$160,000,000","$352,616,690",2011
422,The Angry Birds Movie,"$73,000,000","$352,333,929",2016
423,GoldenEye,,"$352,194,034",1995
424,Catch Me If You Can,"$52,000,000","$352,114,312",2002
425,Now You See Me,"$75,000,000","$351,723,989",2013
426,Hannibal,"$87,000,000","$351,692,268",2001
427,The Mask,"$23,000,000","$351,583,407",1994
428,Peter Rabbit,"$50,000,000","$351,496,066",2018
429,Speed,"$30,000,000","$350,448,145",1994
430,Dinosaur,"$127,500,000","$349,822,765",2000
431,Mary Poppins Returns,"$130,000,000","$349,546,142",2018
432,Deep Impact,,"$349,464,664",1998
433,The Lorax,"$70,000,000","$349,183,316",2012
434,The Maze Runner,"$34,000,000","$348,319,861",2014
435,The Smurfs 2,"$105,000,000","$347,545,360",2013
436,National Treasure,"$100,000,000","$347,512,318",2004
437,Rush Hour 2,"$90,000,000","$347,325,802",2001
438,Trolls,"$125,000,000","$347,182,886",2016
439,xXx: Return of Xander Cage,"$85,000,000","$346,118,277",2017
440,Pocahontas,,"$346,079,773",1995
441,How the Grinch Stole Christmas,"$123,000,000","$345,823,032",2000
442,Star Trek Beyond,"$185,000,000","$343,471,816",2016
443,Alvin and the Chipmunks: Chipwrecked,"$75,000,000","$342,695,435",2011
444,Wanted,"$75,000,000","$342,463,063",2008
445,The Flintstones,"$46,000,000","$341,631,208",1994
446,A Quiet Place,"$17,000,000","$340,952,971",2018
447,Enchanted,"$85,000,000","$340,487,836",2007
448,Over the Hedge,,"$339,795,890",2006
449,300: Rise of an Empire,"$110,000,000","$337,580,051",2014
450,Batman Forever,"$100,000,000","$336,567,158",1995
451,Prince of Persia: The Sands of Time,"$200,000,000","$336,365,676",2009
452,The Curious Case of Benjamin Button,"$150,000,000","$335,802,786",2008
453,Journey 2: The Mysterious Island,"$79,000,000","$335,287,748",2012
454,The Rock,"$75,000,000","$335,062,621",1996
455,The Great Wall,"$150,000,000","$334,933,831",2016
456,Now You See Me 2,,"$334,897,606",2016
457,Never Say Die,,"$334,530,869",2017
458,Bridget Jones's Diary,"$25,000,000","$334,272,563",2001
459,Fantastic Four,"$100,000,000","$333,535,934",2005
460,Indiana Jones and the Temple of Doom,"$28,000,000","$333,107,271",1984
461,Tomorrow Never Dies,,"$333,011,068",1997
462,Back to the Future Part II,"$40,000,000","$332,500,002",1989
463,The Good Dinosaur,,"$332,207,671",2015
464,Free Guy,,"$331,526,598",2021
465,22 Jump Street,"$50,000,000","$331,333,876",2014
466,Meet the Parents,"$55,000,000","$330,444,045",2000
467,Who Framed Roger Rabbit,"$70,000,000","$329,803,958",1988
468,Black Swan,"$13,000,000","$329,398,046",2010
469,The Perfect Storm,"$140,000,000","$328,718,434",2000
470,John Wick: Chapter 3 - Parabellum,"$75,000,000","$328,349,387",2019
471,Crocodile Dundee,,"$328,203,506",1986
472,Crazy Alien,,"$327,598,891",2019
473,Se7en,"$33,000,000","$327,333,559",1995
474,The Devil Wears Prada,"$35,000,000","$326,706,115",2006
475,Taken 3,"$48,000,000","$326,479,141",2015
476,The Hunchback of Notre Dame,"$100,000,000","$325,338,851",1996
477,A Christmas Carol,"$200,000,000","$325,286,646",2009
478,The SpongeBob Movie: Sponge Out of Water,"$74,000,000","$325,186,032",2015
479,Schindler's List,"$22,000,000","$322,161,245",1993
480,Megamind,"$130,000,000","$321,885,765",2010
481,The Conjuring 2,"$40,000,000","$321,834,351",2016
482,Green Book,"$23,000,000","$321,752,656",2018
483,Lethal Weapon 3,"$35,000,000","$321,731,527",1992
484,Robin Hood,"$200,000,000","$321,669,741",2010
485,Inglourious Basterds,"$70,000,000","$321,457,747",2009
486,101 Dalmatians,,"$320,689,294",1996
487,The Conjuring,"$20,000,000","$320,406,242",2013
488,Fatal Attraction,,"$320,145,693",1987
489,Sonic the Hedgehog,"$85,000,000","$319,715,683",2020
490,The Last Airbender,"$150,000,000","$319,713,881",2010
491,The Proposal,"$40,000,000","$317,375,031",2009
492,The Polar Express,"$165,000,000","$316,897,787",2004
493,A Beautiful Mind,"$58,000,000","$316,791,257",2001
494,Beverly Hills Cop,,"$316,360,478",1984
495,Air Force One,"$85,000,000","$315,156,409",1997
496,Wonder,,"$315,025,930",2017
497,The Expendables 2,"$100,000,000","$314,975,955",2012
498,Chicken Little,"$150,000,000","$314,432,837",2005
499,As Good as It Gets,"$50,000,000","$314,178,011",1997
500,Knives Out,"$40,000,000","$312,897,920",2019
501,Maze Runner: The Scorch Trials,"$61,000,000","$312,296,056",2015
502,Resident Evil: The Final Chapter,"$40,000,000","$312,242,626",2016
503,The Lego Batman Movie,"$80,000,000","$312,136,671",2017
504,Austin Powers: The Spy Who Shagged Me,"$33,000,000","$312,016,928",1999
505,Ocean's Thirteen,,"$311,312,624",2007
506,Little Fockers,"$100,000,000","$310,650,585",2010
507,Bolt,"$150,000,000","$309,979,994",2008
508,Ransom,,"$309,492,681",1996
509,Runaway Bride,"$70,000,000","$309,460,292",1999
510,The Blind Side,"$29,000,000","$309,231,694",2009
511,The Ex-File 3: Return of the Exes,,"$307,592,427",2017
512,The Fault in Our Stars,"$12,000,000","$307,166,834",2014
513,The Pursuit of Happyness,"$55,000,000","$307,127,625",2006
514,Rise of the Guardians,"$145,000,000","$306,941,670",2012
515,Close Encounters of the Third Kind,,"$306,889,114",1977
516,Chicago,"$45,000,000","$306,776,732",2002
517,Annabelle: Creation,"$15,000,000","$306,515,884",2017
518,Bridesmaids,"$32,500,000","$306,442,085",2011
519,Skyscraper,"$125,000,000","$304,868,961",2018
520,A Good Day to Die Hard,"$92,000,000","$304,654,182",2013
521,Mulan,,"$304,320,254",1998
522,Dangal,,"$303,723,636",2016
523,Passengers,"$110,000,000","$303,144,152",2016
524,Battleship,"$209,000,000","$303,025,485",2012
525,Liar Liar,,"$302,710,615",1997
526,G.I. Joe: The Rise of Cobra,"$175,000,000","$302,469,017",2009
527,Wrath of the Titans,"$150,000,000","$301,970,083",2012
528,Fantastic Four: Rise of the Silver Surfer,"$130,000,000","$301,913,131",2007
529,Hook,"$70,000,000","$300,854,823",1991
530,Superman,"$55,000,000","$300,478,449",1978
531,Rocky IV,,"$300,473,716",1985
532,Rambo: First Blood Part II,,"$300,400,432",1985
533,Resident Evil: Afterlife,"$60,000,000","$300,228,084",2010
534,Van Helsing,"$160,000,000","$300,157,638",2004
535,Stuart Little,"$133,000,000","$300,135,367",1999
536,Beverly Hills Cop II,,"$299,965,036",1987
537,Alice Through the Looking Glass,"$170,000,000","$299,820,798",2016
538,My Best Friend's Wedding,"$38,000,000","$299,288,605",1997
539,Real Steel,,"$299,268,508",2011
540,Horton Hears a Who!,"$85,000,000","$298,572,799",2008
541,Ocean's Eight,"$70,000,000","$297,795,726",2018
542,A Quiet Place Part II,,"$297,372,261",2021
543,The Divergent Series: Insurgent,"$110,000,000","$297,002,527",2015
544,Look Who's Talking,,"$296,999,813",1989
545,Austin Powers in Goldmember,"$63,000,000","$296,938,801",2002
546,Ghostbusters,"$30,000,000","$296,578,797",1984
547,Miss Peregrine's Home for Peculiar Children,"$110,000,000","$296,482,446",2016
548,X-Men,"$75,000,000","$296,339,528",2000
549,Ferdinand,"$111,000,000","$296,069,199",2017
550,Shutter Island,"$80,000,000","$294,805,697",2010
551,Doctor Dolittle,,"$294,456,605",1998
552,Bee Movie,"$150,000,000","$293,514,336",2007
553,Salt,"$110,000,000","$293,503,354",2010
554,G-Force,"$150,000,000","$292,817,898",2009
555,The Departed,"$90,000,000","$291,480,452",2006
556,What Lies Beneath,"$100,000,000","$291,420,351",2000
557,Pacific Rim: Uprising,"$150,000,000","$290,930,148",2018
558,The Bourne Supremacy,"$75,000,000","$290,835,269",2004
559,Sex and the City 2,"$100,000,000","$290,745,055",2010
560,Shakespeare in Love,"$25,000,000","$289,317,794",1998
561,Guardians of the Galaxy Vol. 3,,"$289,312,702",2023
562,Divergent,"$85,000,000","$288,885,818",2014
563,Coming to America,,"$288,752,301",1988
564,Elvis,,"$288,670,284",2022
565,Wedding Crashers,"$40,000,000","$288,485,135",2005
566,Maze Runner: The Death Cure,"$62,000,000","$288,175,335",2018
567,Casper,,"$287,928,194",1995
568,American Pie 2,"$30,000,000","$287,553,595",2001
569,Pitch Perfect 2,"$29,000,000","$287,144,079",2015
570,The Green Mile,"$60,000,000","$286,801,374",1999
571,Oblivion,"$120,000,000","$286,168,572",2013
572,Elysium,"$115,000,000","$286,140,700",2013
573,Lethal Weapon 4,"$140,000,000","$285,444,603",1998
574,John Carter,"$250,000,000","$284,139,100",2012
575,Turbo,"$135,000,000","$282,570,682",2013
576,Paddington,"$55,000,000","$282,377,683",2014
577,The Tourist,"$100,000,000","$278,780,441",2010
578,Split,"$9,000,000","$278,454,417",2017
579,Scary Movie,"$19,000,000","$278,019,771",2000
580,xXx,"$70,000,000","$277,448,382",2002
581,The Bourne Legacy,"$125,000,000","$276,144,750",2012
582,Mr. Peabody & Sherman,"$145,000,000","$275,698,039",2014
583,Scooby-Doo,"$84,000,000","$275,678,613",2002
584,Lincoln,"$65,000,000","$275,293,450",2012
585,Lara Croft: Tomb Raider,"$115,000,000","$274,703,340",2001
586,Tomb Raider,"$94,000,000","$274,650,803",2018
587,The Expendables,"$80,000,000","$274,470,394",2010
588,Cloudy with a Chance of Meatballs 2,"$78,000,000","$274,325,949",2013
589,The Nutty Professor,"$54,000,000","$273,961,019",1996
590,Creed III,,"$273,796,108",2023
591,Jerry Maguire,"$50,000,000","$273,552,592",1996
592,Bad Boys II,"$130,000,000","$273,339,556",2003
593,Lilo & Stitch,"$80,000,000","$273,144,151",2002
594,The Silence of the Lambs,"$19,000,000","$272,742,922",1991
595,Grown Ups,"$80,000,000","$271,457,301",2010
596,Neighbors,"$18,000,000","$270,665,134",2014
597,The Firm,,"$270,248,367",1993
598,We're the Millers,"$37,000,000","$269,994,119",2012
599,Gran Torino,"$33,000,000","$269,958,228",2008
600,"10,000 BC","$105,000,000","$269,784,201",2008
601,American Gangster,"$100,000,000","$269,755,430",2007
602,Epic,"$100,000,000","$268,426,634",2013
603,Exodus: Gods and Kings,"$140,000,000","$268,175,631",2014
604,Blade Runner 2049,"$150,000,000","$267,770,708",2017
605,Bambi,,"$267,447,150",1942
606,The Princess and the Frog,"$105,000,000","$267,045,765",2009
607,Batman Returns,"$80,000,000","$266,915,287",1992
608,Indecent Proposal,,"$266,614,059",1993
609,Something's Gotta Give,"$80,000,000","$265,328,738",2003
610,Bridget Jones: The Edge of Reason,"$40,000,000","$265,126,918",2004
611,The Incredible Hulk,"$150,000,000","$264,770,996",2008
612,Waterworld,"$175,000,000","$264,218,220",1995
613,The Truman Show,,"$264,118,201",1998
614,Charlie's Angels,"$93,000,000","$264,105,545",2000
615,The Fifth Element,,"$263,920,180",1997
616,Jumanji,"$65,000,000","$262,821,940",1995
617,Parasite,"$11,400,000","$262,676,096",2019
618,Borat,"$18,000,000","$262,552,893",2006
619,Robots,"$75,000,000","$262,511,490",2005
620,Knight and Day,,"$261,989,769",2008
621,Total Recall,"$65,000,000","$261,317,921",1990
622,This Is It,,"$261,183,588",2009
623,Terminator: Dark Fate,"$185,000,000","$261,119,292",2019
624,The Lone Ranger,"$215,000,000","$260,502,115",2013
625,Super 8,"$50,000,000","$260,095,986",2011
626,Halloween,"$10,000,000","$259,939,835",2018
627,Mojin: The Lost Legend,"$37,000,000","$259,368,448",2015
628,Charlie's Angels: Full Throttle,"$120,000,000","$259,175,788",2003
629,Rush Hour 3,"$140,000,000","$258,097,122",2007
630,The Full Monty,"$3,500,000","$257,938,649",1997
631,Kung Fu Yoga,"$65,000,000","$257,753,889",2017
632,Annabelle,"$6,500,000","$257,589,721",2014
633,Encanto,,"$256,786,742",2021
634,The Village,"$60,000,000","$256,697,520",2003
635,Lost in Hong Kong,,"$256,283,912",2015
636,Erin Brockovich,"$52,000,000","$256,271,286",2000
637,Us,"$20,000,000","$256,067,149",2019
638,Pegasus,,"$255,863,112",2019
639,Get Out,,"$255,745,157",2016
640,Marley & Me,,"$255,743,093",2008
641,Cliffhanger,"$70,000,000","$255,000,211",1993
642,Baahubali 2: The Conclusion,,"$254,158,390",2017
643,Babe,,"$254,134,910",1995
644,Men in Black: International,"$110,000,000","$253,890,701",2019
645,Wild Hogs,,"$253,625,427",2007
646,High School Musical 3: Senior Year,"$11,000,000","$252,909,177",2008
647,Hercules,"$85,000,000","$252,712,101",1997
648,X-Men: Dark Phoenix,"$200,000,000","$252,442,974",2019
649,True Grit,"$38,000,000","$252,276,927",2010
650,Dolittle,"$175,000,000","$251,410,631",2020
651,Bean,"$18,000,000","$251,212,670",1997
652,American Hustle,"$40,000,000","$251,171,807",2013
653,Enemy of the State,"$90,000,000","$250,849,789",1998
654,You've Got Mail,"$65,000,000","$250,821,495",1998
655,Eragon,"$100,000,000","$250,425,512",2006
656,Brother Bear,,"$250,397,798",2003
657,The Godfather,"$6,000,000","$250,341,816",1972
658,The Mask of Zorro,"$95,000,000","$250,288,523",1998
659,The Bad Guys,,"$250,162,278",2022
660,The Ring,"$48,000,000","$249,348,933",2002
661,The Blair Witch Project,"$60,000","$248,639,099",1999
662,Unbreakable,"$75,000,000","$248,118,121",2000
663,Love Actually,"$40,000,000","$247,933,248",2003
664,Journey to the West: The Demons Strike Back,,"$247,585,244",2017
665,Dumb and Dumber,"$17,000,000","$247,290,327",1994
666,Glass,"$20,000,000","$246,999,039",2019
667,Grown Ups 2,"$80,000,000","$246,984,278",2013
668,The Peanuts Movie,"$99,000,000","$246,233,113",2015
669,Rango,"$135,000,000","$245,724,603",2011
670,Four Weddings and a Funeral,"$4,400,000","$245,700,832",1994
671,Face/Off,"$80,000,000","$245,676,146",1997
672,Teenage Mutant Ninja Turtles: Out of the Shadows,"$135,000,000","$245,623,848",2016
673,Dark Shadows,"$150,000,000","$245,527,149",2012
674,Hulk,"$137,000,000","$245,285,165",2003
675,The Bravest,,"$245,179,562",2019
676,Welcome to the Sticks,,"$245,144,417",2008
677,Back to the Future Part III,"$40,000,000","$245,077,583",1990
678,Pixels,"$88,000,000","$244,874,809",2015
679,Hercules,"$100,000,000","$244,819,862",2014
680,Rush Hour,"$33,000,000","$244,721,064",1998
681,Journey to the Center of the Earth,"$60,000,000","$244,232,688",2008
682,After Earth,"$130,000,000","$243,611,982",2013
683,A Few Good Men,"$41,000,000","$243,240,178",1992
684,Cloudy with a Chance of Meatballs,"$100,000,000","$243,006,126",2009
685,8 Mile,"$41,000,000","$242,875,078",2002
686,Daddy's Home,,"$242,786,137",2015
687,RoboCop,"$100,000,000","$242,688,965",2014
688,Eraser,"$100,000,000","$242,295,562",1996
689,Alien: Covenant,"$97,000,000","$240,891,763",2017
690,Sully,"$60,000,000","$240,797,623",2016
691,Assassin's Creed,"$125,000,000","$240,697,856",2016
692,Click,"$82,500,000","$240,685,326",2006
693,Legend of Deification,,"$240,646,355",2020
694,Planes,"$50,000,000","$240,171,783",2013
695,Resident Evil: Retribution,"$65,000,000","$240,159,255",2012
696,Die Hard 2,"$70,000,000","$240,031,274",1990
697,Crocodile Dundee II,,"$239,606,210",1988
698,Bullet Train,,"$239,268,602",2022
699,Crazy Rich Asians,"$30,000,000","$238,843,729",2018
700,Batman & Robin,"$125,000,000","$238,235,719",1997
701,Howl's Moving Castle,,"$237,536,126",2004
702,Gulliver's Travels,"$112,000,000","$237,382,724",2010
703,Gone in 60 Seconds,"$90,000,000","$237,202,299",2000
704,Saturday Night Fever,,"$237,113,184",1977
705,Silver Linings Playbook,"$21,000,000","$236,412,453",2012
706,2 Fast 2 Furious,"$76,000,000","$236,350,661",2003
707,Hidden Figures,"$25,000,000","$235,956,898",2016
708,A.I. Artificial Intelligence,"$100,000,000","$235,926,552",2001
709,Dead Poets Society,,"$235,860,116",1989
710,Spy,"$65,000,000","$235,666,219",2015
711,American Pie,"$11,000,000","$235,483,004",1999
712,American Reunion,"$50,000,000","$234,989,584",2012
713,Big Daddy,"$34,200,000","$234,801,895",1999
714,Alvin and the Chipmunks: The Road Chip,,"$234,798,636",2015
715,The Imitation Game,,"$233,555,708",2014
716,Cruella,,"$233,503,234",2021
717,The Day the Earth Stood Still,"$80,000,000","$233,093,859",2008
718,American Wedding,"$55,000,000","$232,722,935",2003
719,The Girl with the Dragon Tattoo,"$90,000,000","$232,617,430",2011
720,Juno,"$7,500,000","$232,372,681",2007
721,Argo,"$44,500,000","$232,325,503",2012
722,Mr. Bean's Holiday,,"$232,225,908",2007
723,The English Patient,"$27,000,000","$231,976,425",1996
724,Sister Act,,"$231,605,150",1992
725,Annabelle Comes Home,"$30,000,000","$231,252,591",2019
726,Constantine,"$100,000,000","$230,884,728",2005
727,Get Smart,"$80,000,000","$230,685,453",2008
728,Space Jam,,"$230,594,962",1996
729,Life Is Beautiful,,"$230,099,013",1998
730,The Heat,"$43,000,000","$229,930,771",2013
731,Ghostbusters,"$144,000,000","$229,147,509",2016
732,Ghost Rider,"$110,000,000","$228,738,393",2007
733,Goodbye Mr. Loser,,"$228,122,928",2015
734,Paddington 2,,"$227,994,792",2017
735,Sleepless in Seattle,"$21,000,000","$227,927,165",1993
736,Lethal Weapon 2,,"$227,853,986",1989
737,The Green Hornet,"$120,000,000","$227,817,248",2011
738,Out of Africa,,"$227,514,205",1985
739,Elf,"$33,000,000","$227,356,156",2003
740,Youth,,"$227,091,290",2017
741,Baby Driver,"$34,000,000","$226,945,087",2017
742,Immortals,"$75,000,000","$226,904,017",2011
743,Taken,"$25,000,000","$226,837,760",2008
744,Percy Jackson & the Olympians: The Lightning Thief,"$95,000,000","$226,497,209",2010
745,Lightyear,,"$226,425,420",2022
746,Hansel & Gretel: Witch Hunters,"$50,000,000","$226,349,749",2013
747,Valerian and the City of a Thousand Planets,"$177,200,000","$225,973,340",2017
748,Good Will Hunting,,"$225,933,435",1997
749,Better Days,,"$225,918,798",2019
750,Ford v Ferrari,"$97,600,000","$225,508,210",2019
751,Jumper,"$85,000,000","$225,132,113",2008
752,The Social Network,"$40,000,000","$224,920,375",2010
753,Chicken Run,"$45,000,000","$224,874,811",2000
754,Con Air,"$75,000,000","$224,012,234",1997
755,Interview with the Vampire: The Vampire Chronicles,"$60,000,000","$223,664,608",1994
756,Flightplan,,"$223,387,299",2005
757,Yes Man,"$70,000,000","$223,241,637",2008
758,Non-Stop,"$50,000,000","$222,809,600",2014
759,"Honey, I Shrunk the Kids",,"$222,724,172",1989
760,Fahrenheit 9/11,"$6,000,000","$222,446,882",2004
761,Wild Wild West,"$170,000,000","$222,104,681",1999
762,"My Country, My Parents",,"$221,831,086",2021
763,Geostorm,"$120,000,000","$221,600,160",2017
764,Presumed Innocent,,"$221,303,188",1990
765,Jungle Cruise,,"$220,889,446",2021
766,Scary Movie 3,"$48,000,000","$220,673,217",2003
767,Collateral,"$65,000,000","$220,239,925",2004
768,Inferno,"$75,000,000","$220,021,259",2016
769,Knocked Up,"$30,000,000","$219,922,417",2007
770,Green Lantern,"$200,000,000","$219,851,172",2011
771,What Happens in Vegas,"$35,000,000","$219,375,562",2008
772,It's Complicated,"$85,000,000","$219,103,655",2009
773,The Terminal,"$60,000,000","$219,100,084",2004
774,Little Women,"$40,000,000","$218,843,645",2019
775,Captain Phillips,"$55,000,000","$218,791,811",2013
776,The Prince of Egypt,"$70,000,000","$218,613,188",1998
777,Jack Reacher,"$60,000,000","$218,340,595",2012
778,Kingdom of Heaven,"$130,000,000","$218,122,627",2005
779,The Emoji Movie,"$50,000,000","$217,776,646",2017
780,Smile,,"$217,408,513",2022
781,Too Cool to Kill,,"$217,254,604",2022
782,Dracula Untold,"$70,000,000","$217,124,280",2014
783,Central Intelligence,"$50,000,000","$216,972,543",2016
784,Million Dollar Baby,"$30,000,000","$216,763,646",2004
785,The Help,"$25,000,000","$216,639,112",2011
786,Twins,"$15,000,000","$216,614,388",1988
787,Valentine's Day,"$52,000,000","$216,528,528",2010
788,Bad Teacher,"$20,000,000","$216,197,492",2011
789,A Little Red Flower,,"$216,000,000",2020
790,The Croods: A New Age,,"$215,905,815",2020
791,Clear and Present Danger,"$62,000,000","$215,887,717",1994
792,One Hundred and One Dalmatians,,"$215,880,014",1961
793,Ted 2,"$68,000,000","$215,863,606",2015
794,Dracula,"$40,000,000","$215,862,692",1992
795,Vertical Limit,"$75,000,000","$215,663,859",2000
796,Ghostbusters II,,"$215,394,738",1989
797,The Patriot,"$110,000,000","$215,294,342",2000
798,The Sorcerer's Apprentice,"$150,000,000","$215,283,742",2010
799,Just Go with It,"$80,000,000","$214,945,591",2011
800,The Expendables 3,,"$214,657,577",2014
801,Dirty Dancing,"$6,000,000","$214,577,242",1987
802,Creed II,"$50,000,000","$214,215,889",2018
803,Smallfoot,,"$214,115,531",2018
804,Public Enemies,"$100,000,000","$214,104,620",2009
805,The Bourne Identity,"$60,000,000","$214,034,224",2002
806,Disclosure,"$55,000,000","$214,015,089",1994
807,"Crouching Tiger, Hidden Dragon","$17,000,000","$213,977,285",2000
808,Pulp Fiction,"$8,000,000","$213,928,762",1994
809,The Aviator,"$110,000,000","$213,719,942",2004
810,Braveheart,"$72,000,000","$213,216,216",1995
811,Into the Woods,"$50,000,000","$212,902,372",2014
812,Bedtime Stories,"$80,000,000","$212,874,864",2008
813,Miss Congeniality,"$45,000,000","$212,742,720",2000
814,Entrapment,"$66,000,000","$212,404,396",1999
815,Ace Ventura: When Nature Calls,,"$212,385,533",1995
816,End of Days,"$100,000,000","$211,989,043",1999
817,Bridget Jones's Baby,"$35,000,000","$211,952,420",2016
818,Fury,"$68,000,000","$211,822,697",2014
819,Battle Los Angeles,"$70,000,000","$211,819,354",2011
820,Australia,"$130,000,000","$211,787,511",2008
821,Due Date,"$65,000,000","$211,780,824",2010
822,Master and Commander: The Far Side of the World,"$150,000,000","$211,622,535",2003
823,A Series of Unfortunate Events,"$140,000,000","$211,468,235",2004
824,The Little Mermaid,,"$211,343,479",1989
825,Nice View,,"$211,019,042",2022
826,District 9,"$30,000,000","$210,888,950",2009
827,Moonraker,,"$210,308,099",1979
828,The Others,"$17,000,000","$209,947,037",2001
829,Horrible Bosses,"$35,000,000","$209,838,559",2011
830,Us and Them,,"$209,221,380",2018
831,Red Dragon,"$78,000,000","$209,196,298",2002
832,Tomorrowland,"$190,000,000","$209,035,668",2015
833,Me Before You,"$20,000,000","$208,314,186",2016
834,Safe House,"$85,000,000","$208,076,205",2012
835,S.W.A.T.,"$80,000,000","$207,725,639",2003
836,DC League of Super-Pets,,"$207,557,117",2022
837,The Fast and the Furious,"$38,000,000","$207,517,509",2001
838,Traffic,,"$207,515,725",2000
839,Paranormal Activity 3,"$5,000,000","$207,039,844",2011
840,Philadelphia,"$26,000,000","$206,678,440",1993
841,The Conjuring: The Devil Made Me Do It,,"$206,431,050",2021
842,Sleepy Hollow,"$100,000,000","$206,071,502",1999
843,The Holiday,"$85,000,000","$205,850,169",2006
844,The Jungle Book,,"$205,843,612",1967
845,Raging Fire,,"$205,842,393",2021
846,London Has Fallen,"$60,000,000","$205,754,447",2016
847,The Break-Up,"$52,000,000","$205,668,210",2006
848,Journey to the West,,"$205,637,183",2013
849,The Ugly Truth,"$38,000,000","$205,599,393",2009
850,JFK,,"$205,405,498",1991
851,Birds of Prey,"$84,500,000","$205,372,791",2020
852,White House Down,"$150,000,000","$205,366,737",2013
853,A Dog's Purpose,"$22,000,000","$205,035,819",2017
854,Ponyo,,"$204,826,668",2008
855,Fun with Dick and Jane,"$100,000,000","$204,681,899",2005
856,Eat Pray Love,"$60,000,000","$204,594,016",2010
857,The Addams Family,"$24,000,000","$204,394,183",2019
858,Ghostbusters: Afterlife,,"$204,334,455",2021
859,You Don't Mess with the Zohan,"$90,000,000","$204,313,400",2008
860,Hairspray,,"$203,627,753",2007
861,King Arthur,"$120,000,000","$203,567,857",2004
862,Yogi Bear,"$80,000,000","$203,509,374",2010
863,Everest,"$55,000,000","$203,427,584",2015
864,Vanilla Sky,"$68,000,000","$203,388,341",2001
865,Arrival,"$47,000,000","$203,388,186",2016
866,Need for Speed,"$66,000,000","$203,277,636",2014
867,Garfield,"$50,000,000","$203,172,417",2004
868,Dungeons & Dragons: Honor Among Thieves,,"$202,484,920",2023
869,Patch Adams,"$90,000,000","$202,292,902",1998
870,Teenage Mutant Ninja Turtles,"$13,500,000","$202,084,756",1990
871,Kindergarten Cop,"$15,000,000","$201,957,688",1990
872,Straight Outta Compton,"$28,000,000","$201,634,991",2015
873,21 Jump Street,"$42,000,000","$201,585,328",2012
874,Valkyrie,"$75,000,000","$201,545,517",2008
875,Open Season,"$85,000,000","$200,811,689",2006
876,Cats & Dogs,"$60,000,000","$200,687,492",2001
877,The Hunt for Red October,"$30,000,000","$200,512,643",1990
878,Percy Jackson: Sea of Monsters,"$90,000,000","$199,850,315",2013
879,The Lego Movie 2: The Second Part,"$99,000,000","$199,603,202",2019
880,Two Weeks Notice,"$60,000,000","$199,043,471",2002
881,RED,"$58,000,000","$199,006,387",2010
882,Shock Wave 2,,"$198,921,659",2020
883,City of Angels,,"$198,685,114",1998
884,The Pacifier,"$56,000,000","$198,636,868",2005
885,50 First Dates,"$75,000,000","$198,520,934",2004
886,Total Recall,"$125,000,000","$198,467,168",2012
887,The Island,,"$198,326,350",2018
888,The Impossible,,"$198,087,212",2012
889,Lost in Thailand,,"$197,757,387",2012
890,Christopher Robin,"$75,000,000","$197,744,377",2018
891,Jack the Giant Slayer,"$195,000,000","$197,687,603",2013
892,Smurfs: The Lost Village,"$60,000,000","$197,183,546",2017
893,Chinese Doctors,,"$197,143,218",2021
894,Spy Kids 3: Game Over,"$38,000,000","$197,101,678",2003
895,Panic Room,"$48,000,000","$197,079,546",2002
896,The Other Woman,"$40,000,000","$196,710,396",2014
897,Stargate,,"$196,567,262",1994
898,Beowulf,"$150,000,000","$196,393,745",2007
899,The Vow,"$30,000,000","$196,114,570",2012
900,Anger Management,"$75,000,000","$195,745,823",2003
901,Tropic Thunder,"$92,000,000","$195,702,963",2008
902,The Shape of Water,,"$195,333,312",2017
903,Rocketman,"$40,000,000","$195,320,400",2019
904,The Pelican Brief,,"$195,268,056",1993
905,The BFG,"$140,000,000","$195,243,411",2016
906,Downton Abbey,"$13,000,000","$194,694,725",2019
907,The Intern,"$35,000,000","$194,564,672",2015
908,The Curse of the Were-Rabbit,"$30,000,000","$194,137,091",2005
909,Gnomeo & Juliet,,"$193,967,670",2011
910,The Sum of All Fears,"$68,000,000","$193,921,372",2002
911,Gangs of New York,"$100,000,000","$193,772,504",2002
912,The Post,"$50,000,000","$193,764,664",2017
913,The Monkey King 2,,"$193,678,298",2016
914,Paranormal Activity,"$15,000","$193,355,800",2009
915,The Lost City,,"$192,907,684",2022
916,Weathering with You,,"$192,856,922",2019
917,The Equalizer,"$55,000,000","$192,330,738",2014
918,Sheep Without a Shepherd,,"$191,602,146",2019
919,The Addams Family,"$30,000,000","$191,502,426",1991
920,The Longest Yard,"$82,000,000","$191,466,556",2005
921,The Santa Clause,"$22,000,000","$190,539,357",1994
922,Cheaper by the Dozen,"$40,000,000","$190,538,630",2003
923,The Equalizer 2,"$62,000,000","$190,400,157",2018
924,Abominable,"$75,000,000","$190,304,772",2019
925,Hollow Man,"$95,000,000","$190,213,455",2000
926,Outbreak,,"$189,859,560",1995
927,The White Storm 2: Drug Lords,,"$189,396,380",2019
928,The X Files,,"$189,176,423",1998
929,Breakup Buddies,,"$189,017,596",2014
930,Rambo III,"$63,000,000","$189,015,611",1988
931,The Secret Life of Walter Mitty,"$90,000,000","$188,133,322",2013
932,Project Gutenberg,,"$188,116,796",2018
933,Jaws 2,,"$187,884,007",1978
934,12 Years a Slave,"$20,000,000","$187,733,202",2013
935,Heat,,"$187,436,818",1995
936,Mr. Popper's Penguins,"$55,000,000","$187,361,754",2011
937,The Grudge,"$10,000,000","$187,281,115",2004
938,One Piece Film: Red,,"$187,170,704",2022
939,I Now Pronounce You Chuck & Larry,"$85,000,000","$187,134,117",2007
940,The Horse Whisperer,,"$186,883,563",1998
941,Walk the Line,"$28,000,000","$186,797,986",2005
942,Jian Bing Man,,"$186,699,768",2015
943,The Jungle Book 2,"$20,000,000","$186,303,759",2003
944,The Final Destination,"$40,000,000","$186,167,139",2009
945,Atlantis: The Lost Empire,"$120,000,000","$186,053,725",2001
946,Inside Man,"$45,000,000","$186,003,591",2006
947,The Waterboy,"$23,000,000","$185,991,646",1998
948,Hugo,,"$185,770,310",2011
949,Pitch Perfect 3,"$45,000,000","$185,400,345",2017
950,Watchmen,"$130,000,000","$185,382,813",2009
951,The Birdcage,,"$185,260,553",1996
952,Moulin Rouge!,"$50,000,000","$184,935,320",2001
953,Snow White and the Seven Dwarfs,,"$184,925,486",1937
954,Hop,"$63,000,000","$184,367,145",2011
955,Bad Moms,"$20,000,000","$183,936,074",2016
956,Jupiter Ascending,"$176,000,000","$183,887,723",2015
957,Knowing,"$50,000,000","$183,658,498",2007
958,102 Dalmatians,"$85,000,000","$183,611,771",2000
959,Storks,"$70,000,000","$183,510,278",2016
960,Stand by Me Doraemon,,"$183,442,714",2014
961,The Hitman's Bodyguard,"$30,000,000","$183,428,689",2017
962,Paul Blart: Mall Cop,"$26,000,000","$183,348,429",2009
963,Wayne's World,"$20,000,000","$183,097,323",1992
964,Maverick,,"$183,031,272",1994
965,Mirror Mirror,"$85,000,000","$183,018,522",2012
966,The Man in the Iron Mask,,"$182,968,902",1998
967,Cape Fear,,"$182,291,969",1991
968,The Haunted Mansion,"$90,000,000","$182,290,266",2003
969,The Monkey King: Havoc in Heaven's Palace,,"$182,206,924",2014
970,While You Were Sleeping,"$17,000,000","$182,057,016",1995
971,The Bridges of Madison County,"$24,000,000","$182,016,617",1995
972,From Vegas to Macau III,,"$181,732,879",2016
973,Poseidon,"$160,000,000","$181,674,817",2006
974,The First Wives Club,,"$181,489,203",1996
975,Cliff Walkers,,"$181,325,565",2021
976,Scooby-Doo 2: Monsters Unleashed,,"$181,239,132",2004
977,Hot Shots!,"$26,000,000","$181,096,164",1991
978,Road to Perdition,"$80,000,000","$181,001,478",2002
979,Kill Bill: Vol. 1,"$30,000,000","$180,906,076",2003
980,The Scorpion King,"$60,000,000","$180,630,907",2002
981,Sweet Home Alabama,"$30,000,000","$180,622,424",2002
982,Daddy's Home 2,"$69,000,000","$180,613,824",2017
983,Hacksaw Ridge,"$40,000,000","$180,563,636",2016
984,Deja Vu,"$75,000,000","$180,557,550",2006
985,Dangerous Minds,,"$179,519,401",1995
986,The Dictator,"$65,000,000","$179,379,533",2012
987,The League of Extraordinary Gentlemen,"$78,000,000","$179,265,204",2003
988,Allegiant,,"$179,246,868",2016
989,Daredevil,"$78,000,000","$179,179,718",2003
990,City Slickers,"$27,000,000","$179,033,791",1991
991,He's Just Not That Into You,,"$178,866,158",2009
992,Eagle Eye,"$80,000,000","$178,767,383",2008
993,Along Came Polly,"$42,000,000","$178,311,729",2004
994,Flushed Away,"$149,000,000","$178,281,554",2006
995,Scary Movie 4,"$45,000,000","$178,262,620",2006
996,Dante's Peak,"$116,000,000","$178,127,760",1997
997,Brokeback Mountain,"$14,000,000","$178,062,759",2005
998,Patriot Games,"$45,000,000","$178,051,587",1992
999,Flubber,,"$177,977,226",1997
1000,Baywatch,"$69,000,000","$177,856,751",2017
